DELETE
FROM SEATING_PLAN_SEAT;
ALTER TABLE SEATING_PLAN_SEAT
  ALTER COLUMN number RESTART WITH 1;
DELETE
FROM SEATING_PLAN_ROW;
ALTER TABLE SEATING_PLAN_ROW
  ALTER COLUMN number RESTART WITH 1;
DELETE
FROM SEATING_PLAN_SECTOR;
ALTER TABLE SEATING_PLAN_SECTOR
  ALTER COLUMN number RESTART WITH 1;
DELETE
FROM SEATING_PLAN;
ALTER TABLE SEATING_PLAN
  ALTER COLUMN id RESTART WITH 1;

DELETE
FROM BOOKING_NON_SEAT;
DELETE
FROM BOOKING_SEAT;
DELETE
FROM BOOKING;

DELETE
FROM SECTOR_PRICE_EVENT_SHOWING;

DELETE
FROM ARTIST_PERFORMANCE;

DELETE
FROM NEWS_ENTRY;
ALTER TABLE NEWS_ENTRY
  ALTER COLUMN id RESTART WITH 1;

DELETE
FROM EVENT_SHOWING;
ALTER TABLE EVENT_SHOWING
  ALTER COLUMN id RESTART WITH 1;

DELETE
FROM EVENT;
ALTER TABLE EVENT
  ALTER COLUMN id RESTART WITH 1;

DELETE
FROM EVENT_CATEGORY;
ALTER TABLE EVENT_CATEGORY
  ALTER COLUMN id RESTART WITH 1;

DELETE
FROM NEWS_ENTRY_READ_BY;

DELETE
FROM ARTIST;
ALTER TABLE ARTIST
  ALTER COLUMN id RESTART WITH 1;

DELETE
FROM APPLICATION_USER;
ALTER TABLE APPLICATION_USER
  ALTER COLUMN id RESTART WITH 1;

DELETE
FROM LOCATION;
ALTER TABLE LOCATION
  ALTER COLUMN id RESTART WITH 1;

delete
from invoice;

INSERT INTO LOCATION (ID, NAME, COUNTRY, TOWN, STREET, POSTAL_CODE)
VALUES (1, 'Cineplexx Graz', 'Austria', 'Graz', 'Alte Poststrasse 79', '8055'),
       (2, 'Cineplexx Donau Zentrum', 'Austria', 'Vienna', 'Wagramstrasse 79', '1220'),
       (3, 'Actors Studio', 'Austria', 'Vienna', 'Turchlauben 13', '1010'),
       (4, 'Apollo', 'Austria', 'Vienna', 'Gumpendorferstraße 63', '1060'),
       (5, 'Musikverein', 'Austria', 'Vienna', 'Schönbrunner Schloßstraße 47', '1130'),
       (6, 'Wiener Stadthalle', 'Austria', 'Vienna', 'Roland-Rainer-Platz 1', '1150'),
       (7, 'Musiktheater Wien', 'Austria', 'Vienna', 'Brücknerstraße 12', '1010'),
       (8, 'Kunsthaus Wien', 'Austria', 'Vienna', 'Josefstädterstraße 21', '1030'),
       (9, 'CAPE', 'Austria', 'Vienna', 'Wiener Straße 14', '1020'),
       (10, 'Museumsquartier', 'Austria', 'Vienna', 'Muesumsplatz 1', '1070');


INSERT INTO SEATING_PLAN (ID, CAPACITY, LOCATED_IN, NAME)
VALUES (1, 39, 3, 'Room 1'),
       (2, 160, 1, 'IMAX'),
       (3, 56, 2, 'Medium Room'),
       (4, 73, 4, 'Medium Room'),
       (5, 140, 5, 'Hall 1'),
       (6, 39, 6, 'Small Room'),
       (7, 160, 6, 'Big Room'),
       (8, 39, 7, 'Small Room'),
       (9, 56, 8, 'Medium Room'),
       (10, 39, 9, 'Small Room'),
       (11, 56, 10, 'Medium Room');


INSERT INTO SEATING_PLAN_SECTOR (NUMBER, SEATING_PLAN_ID, CAPACITY, COLOR, NAME, TYPE)
VALUES (1, 1, 9, '#c2ffc9', 'Sector 1', 'seating'),
       (2, 1, 9, '#c2ffc6', 'Sector 2', 'seating'),
       (3, 1, 6, '#ccffc2', 'Sector 3', 'seating'),
       (4, 1, 15, '#f7d96e', 'Standing Sector 1', 'standing'),
       (1, 2, 50, '#a8f599', 'Front Standing Sector', 'standing'),
       (2, 2, 40, '#b0e8e7', 'Front Seating Sector', 'seating'),
       (3, 2, 40, '#CCC2FF', 'Mid Seating Sector', 'seating'),
       (4, 2, 30, '#e5e6e0', 'Back Seating Sector', 'seating'),
       (1, 3, 16, '#CCC2FF', 'First Seating Sector', 'seating'),
       (2, 3, 16, '#C2CFFF', 'Second Seating Sector', 'seating'),
       (3, 3, 16, '#c2fff8', 'Third Seating Sector', 'seating'),
       (4, 3, 8, '#f5bfb2', 'Fourth Seating Sector', 'seating'),
       (1, 4, 42, '#CCC2FF', 'First Sector', 'seating'),
       (2, 4, 31, '#C2CFFF', 'Second Sector', 'seating'),
       (1, 5, 92, '#CCC2FF', 'Main Sector', 'seating'),
       (2, 5, 48, '#bee2fe', 'Back Sector', 'seating'),
       (1, 6, 9, '#c2ffc9', 'Sector 1', 'seating'),
       (2, 6, 9, '#c2ffc6', 'Sector 2', 'seating'),
       (3, 6, 6, '#ccffc2', 'Sector 3', 'seating'),
       (4, 6, 15, '#f7d96e', 'Standing Sector 1', 'standing'),
       (1, 7, 50, '#a8f599', 'Front Standing Sector', 'standing'),
       (2, 7, 40, '#b0e8e7', 'Front Seating Sector', 'seating'),
       (3, 7, 40, '#CCC2FF', 'Mid Seating Sector', 'seating'),
       (4, 7, 30, '#e5e6e0', 'Back Seating Sector', 'seating'),
       (1, 8, 9, '#c2ffc9', 'Sector 1', 'seating'),
       (2, 8, 9, '#c2ffc6', 'Sector 2', 'seating'),
       (3, 8, 6, '#ccffc2', 'Sector 3', 'seating'),
       (4, 8, 15, '#f7d96e', 'Standing Sector 1', 'standing'),
       (1, 10, 9, '#c2ffc9', 'Sector 1', 'seating'),
       (2, 10, 9, '#c2ffc6', 'Sector 2', 'seating'),
       (3, 10, 6, '#ccffc2', 'Sector 3', 'seating'),
       (4, 10, 15, '#f7d96e', 'Standing Sector 1', 'standing'),
       (1, 9, 16, '#CCC2FF', 'First Seating Sector', 'seating'),
       (2, 9, 16, '#C2CFFF', 'Second Seating Sector', 'seating'),
       (3, 9, 16, '#c2fff8', 'Third Seating Sector', 'seating'),
       (4, 9, 8, '#f5bfb2', 'Fourth Seating Sector', 'seating'),
       (1, 11, 16, '#CCC2FF', 'First Seating Sector', 'seating'),
       (2, 11, 16, '#C2CFFF', 'Second Seating Sector', 'seating'),
       (3, 11, 16, '#c2fff8', 'Third Seating Sector', 'seating'),
       (4, 11, 8, '#f5bfb2', 'Fourth Seating Sector', 'seating');

INSERT INTO SEATING_PLAN_ROW (NUMBER, SEATING_PLAN_ID, SEATING_PLAN_SECTOR)
VALUES (1, 1, 1),
       (2, 1, 1),
       (3, 1, 1),
       (1, 1, 2),
       (2, 1, 2),
       (3, 1, 2),
       (1, 1, 3),
       (2, 1, 3),
       (3, 2, 4),
       (2, 2, 4),
       (1, 2, 4),
       (5, 2, 3),
       (4, 2, 3),
       (5, 2, 2),
       (2, 2, 3),
       (3, 2, 2),
       (1, 2, 2),
       (4, 2, 2),
       (1, 2, 3),
       (3, 2, 3),
       (2, 2, 2),
       (1, 3, 1),
       (1, 3, 2),
       (1, 3, 3),
       (1, 3, 4),
       (2, 3, 1),
       (2, 3, 2),
       (2, 3, 3),
       (1, 4, 1),
       (1, 4, 2),
       (2, 4, 1),
       (2, 4, 2),
       (3, 4, 1),
       (3, 4, 2),
       (4, 4, 1),
       (5, 4, 1),
       (1, 5, 1),
       (1, 5, 2),
       (2, 5, 1),
       (2, 5, 2),
       (3, 5, 1),
       (3, 5, 2),
       (4, 5, 1),
       (4, 5, 2),
       (5, 5, 1),
       (5, 5, 2),
       (6, 5, 1),
       (7, 5, 1),
       (8, 5, 1),
       (9, 5, 1),
       (10, 5, 1),
       (1, 6, 1),
       (2, 6, 1),
       (3, 6, 1),
       (1, 6, 2),
       (2, 6, 2),
       (3, 6, 2),
       (1, 6, 3),
       (2, 6, 3),
       (3, 7, 4),
       (2, 7, 4),
       (1, 7, 4),
       (5, 7, 3),
       (4, 7, 3),
       (5, 7, 2),
       (2, 7, 3),
       (3, 7, 2),
       (1, 7, 2),
       (4, 7, 2),
       (1, 7, 3),
       (3, 7, 3),
       (2, 7, 2),
       (1, 8, 1),
       (2, 8, 1),
       (3, 8, 1),
       (1, 8, 2),
       (2, 8, 2),
       (3, 8, 2),
       (1, 8, 3),
       (2, 8, 3),
       (1, 10, 1),
       (2, 10, 1),
       (3, 10, 1),
       (1, 10, 2),
       (2, 10, 2),
       (3, 10, 2),
       (1, 10, 3),
       (2, 10, 3),
       (1, 9, 1),
       (1, 9, 2),
       (1, 9, 3),
       (1, 9, 4),
       (2, 9, 1),
       (2, 9, 2),
       (2, 9, 3),
       (1, 11, 1),
       (1, 11, 2),
       (1, 11, 3),
       (1, 11, 4),
       (2, 11, 1),
       (2, 11, 2),
       (2, 11, 3);


INSERT INTO SEATING_PLAN_SEAT (NUMBER, SEATING_PLAN_ID, SEATING_PLAN_ROW, SEATING_PLAN_SECTOR, ENABLED)
VALUES (1, 1, 1, 1, TRUE),
       (2, 1, 1, 1, FALSE),
       (3, 1, 1, 1, TRUE),
       (4, 1, 1, 1, FALSE),
       (5, 1, 1, 1, TRUE),
       (1, 1, 2, 1, TRUE),
       (2, 1, 2, 1, FALSE),
       (3, 1, 2, 1, TRUE),
       (4, 1, 2, 1, FALSE),
       (5, 1, 2, 1, TRUE),
       (1, 1, 3, 1, TRUE),
       (2, 1, 3, 1, FALSE),
       (3, 1, 3, 1, TRUE),
       (4, 1, 3, 1, FALSE),
       (5, 1, 3, 1, TRUE),
       (1, 1, 1, 2, TRUE),
       (2, 1, 1, 2, FALSE),
       (3, 1, 1, 2, TRUE),
       (4, 1, 1, 2, FALSE),
       (5, 1, 1, 2, TRUE),
       (1, 1, 2, 2, TRUE),
       (2, 1, 2, 2, FALSE),
       (3, 1, 2, 2, TRUE),
       (4, 1, 2, 2, FALSE),
       (5, 1, 2, 2, TRUE),
       (1, 1, 3, 2, TRUE),
       (2, 1, 3, 2, FALSE),
       (3, 1, 3, 2, TRUE),
       (4, 1, 3, 2, FALSE),
       (5, 1, 3, 2, TRUE),
       (1, 1, 1, 3, TRUE),
       (2, 1, 1, 3, TRUE),
       (3, 1, 1, 3, TRUE),
       (1, 1, 2, 3, TRUE),
       (2, 1, 2, 3, TRUE),
       (3, 1, 2, 3, TRUE),
       (1, 2, 1, 2, TRUE),
       (2, 2, 1, 2, TRUE),
       (3, 2, 1, 2, TRUE),
       (4, 2, 1, 2, TRUE),
       (5, 2, 1, 2, TRUE),
       (6, 2, 1, 2, FALSE),
       (7, 2, 1, 2, FALSE),
       (8, 2, 1, 2, TRUE),
       (9, 2, 1, 2, TRUE),
       (10, 2, 1, 2, TRUE),
       (11, 2, 1, 2, TRUE),
       (12, 2, 1, 2, TRUE),
       (1, 2, 2, 2, TRUE),
       (2, 2, 2, 2, TRUE),
       (3, 2, 2, 2, TRUE),
       (4, 2, 2, 2, TRUE),
       (5, 2, 2, 2, TRUE),
       (6, 2, 2, 2, FALSE),
       (7, 2, 2, 2, FALSE),
       (8, 2, 2, 2, TRUE),
       (9, 2, 2, 2, TRUE),
       (10, 2, 2, 2, TRUE),
       (11, 2, 2, 2, TRUE),
       (12, 2, 2, 2, TRUE),
       (1, 2, 3, 2, FALSE),
       (2, 2, 3, 2, FALSE),
       (3, 2, 3, 2, FALSE),
       (4, 2, 3, 2, FALSE),
       (5, 2, 3, 2, FALSE),
       (6, 2, 3, 2, FALSE),
       (7, 2, 3, 2, FALSE),
       (8, 2, 3, 2, FALSE),
       (9, 2, 3, 2, FALSE),
       (10, 2, 3, 2, FALSE),
       (11, 2, 3, 2, FALSE),
       (12, 2, 3, 2, FALSE),
       (1, 2, 4, 2, TRUE),
       (2, 2, 4, 2, TRUE),
       (3, 2, 4, 2, TRUE),
       (4, 2, 4, 2, TRUE),
       (5, 2, 4, 2, TRUE),
       (6, 2, 4, 2, FALSE),
       (7, 2, 4, 2, FALSE),
       (8, 2, 4, 2, TRUE),
       (9, 2, 4, 2, TRUE),
       (10, 2, 4, 2, TRUE),
       (11, 2, 4, 2, TRUE),
       (12, 2, 4, 2, TRUE),
       (1, 2, 5, 2, TRUE),
       (2, 2, 5, 2, TRUE),
       (3, 2, 5, 2, TRUE),
       (4, 2, 5, 2, TRUE),
       (5, 2, 5, 2, TRUE),
       (6, 2, 5, 2, FALSE),
       (7, 2, 5, 2, FALSE),
       (8, 2, 5, 2, TRUE),
       (9, 2, 5, 2, TRUE),
       (10, 2, 5, 2, TRUE),
       (11, 2, 5, 2, TRUE),
       (12, 2, 5, 2, TRUE),
       (1, 2, 1, 3, TRUE),
       (2, 2, 1, 3, TRUE),
       (3, 2, 1, 3, TRUE),
       (4, 2, 1, 3, TRUE),
       (5, 2, 1, 3, TRUE),
       (6, 2, 1, 3, FALSE),
       (7, 2, 1, 3, FALSE),
       (8, 2, 1, 3, TRUE),
       (9, 2, 1, 3, TRUE),
       (10, 2, 1, 3, TRUE),
       (11, 2, 1, 3, TRUE),
       (12, 2, 1, 3, TRUE),
       (1, 2, 2, 3, TRUE),
       (2, 2, 2, 3, TRUE),
       (3, 2, 2, 3, TRUE),
       (4, 2, 2, 3, TRUE),
       (5, 2, 2, 3, TRUE),
       (6, 2, 2, 3, FALSE),
       (7, 2, 2, 3, FALSE),
       (8, 2, 2, 3, TRUE),
       (9, 2, 2, 3, TRUE),
       (10, 2, 2, 3, TRUE),
       (11, 2, 2, 3, TRUE),
       (12, 2, 2, 3, TRUE),
       (1, 2, 3, 3, FALSE),
       (2, 2, 3, 3, FALSE),
       (3, 2, 3, 3, FALSE),
       (4, 2, 3, 3, FALSE),
       (5, 2, 3, 3, FALSE),
       (6, 2, 3, 3, FALSE),
       (7, 2, 3, 3, FALSE),
       (8, 2, 3, 3, FALSE),
       (9, 2, 3, 3, FALSE),
       (10, 2, 3, 3, FALSE),
       (11, 2, 3, 3, FALSE),
       (12, 2, 3, 3, FALSE),
       (1, 2, 4, 3, TRUE),
       (2, 2, 4, 3, TRUE),
       (3, 2, 4, 3, TRUE),
       (4, 2, 4, 3, TRUE),
       (5, 2, 4, 3, TRUE),
       (6, 2, 4, 3, FALSE),
       (7, 2, 4, 3, FALSE),
       (8, 2, 4, 3, TRUE),
       (9, 2, 4, 3, TRUE),
       (10, 2, 4, 3, TRUE),
       (11, 2, 4, 3, TRUE),
       (12, 2, 4, 3, TRUE),
       (1, 2, 5, 3, TRUE),
       (2, 2, 5, 3, TRUE),
       (3, 2, 5, 3, TRUE),
       (4, 2, 5, 3, TRUE),
       (5, 2, 5, 3, TRUE),
       (6, 2, 5, 3, FALSE),
       (7, 2, 5, 3, FALSE),
       (8, 2, 5, 3, TRUE),
       (9, 2, 5, 3, TRUE),
       (10, 2, 5, 3, TRUE),
       (11, 2, 5, 3, TRUE),
       (12, 2, 5, 3, TRUE),
       (4, 2, 2, 4, TRUE),
       (1, 2, 1, 4, TRUE),
       (2, 2, 1, 4, TRUE),
       (3, 2, 1, 4, TRUE),
       (4, 2, 1, 4, TRUE),
       (5, 2, 1, 4, TRUE),
       (6, 2, 1, 4, FALSE),
       (7, 2, 1, 4, FALSE),
       (8, 2, 1, 4, TRUE),
       (9, 2, 1, 4, TRUE),
       (10, 2, 1, 4, TRUE),
       (11, 2, 1, 4, TRUE),
       (12, 2, 1, 4, TRUE),
       (1, 2, 2, 4, TRUE),
       (2, 2, 2, 4, TRUE),
       (3, 2, 2, 4, TRUE),
       (5, 2, 2, 4, TRUE),
       (6, 2, 2, 4, FALSE),
       (7, 2, 2, 4, FALSE),
       (8, 2, 2, 4, TRUE),
       (9, 2, 2, 4, TRUE),
       (10, 2, 2, 4, TRUE),
       (11, 2, 2, 4, TRUE),
       (12, 2, 2, 4, TRUE),
       (1, 2, 3, 4, TRUE),
       (2, 2, 3, 4, TRUE),
       (3, 2, 3, 4, TRUE),
       (4, 2, 3, 4, TRUE),
       (5, 2, 3, 4, TRUE),
       (6, 2, 3, 4, FALSE),
       (7, 2, 3, 4, FALSE),
       (8, 2, 3, 4, TRUE),
       (9, 2, 3, 4, TRUE),
       (10, 2, 3, 4, TRUE),
       (11, 2, 3, 4, TRUE),
       (12, 2, 3, 4, TRUE),
       (1, 3, 1, 1, TRUE),
       (2, 3, 1, 1, TRUE),
       (3, 3, 1, 1, FALSE),
       (4, 3, 1, 1, TRUE),
       (5, 3, 1, 1, TRUE),
       (6, 3, 1, 1, FALSE),
       (7, 3, 1, 1, TRUE),
       (8, 3, 1, 1, TRUE),
       (9, 3, 1, 1, FALSE),
       (10, 3, 1, 1, TRUE),
       (11, 3, 1, 1, TRUE),
       (1, 3, 2, 1, TRUE),
       (2, 3, 2, 1, TRUE),
       (3, 3, 2, 1, FALSE),
       (4, 3, 2, 1, TRUE),
       (5, 3, 2, 1, TRUE),
       (6, 3, 2, 1, FALSE),
       (7, 3, 2, 1, TRUE),
       (8, 3, 2, 1, TRUE),
       (9, 3, 2, 1, FALSE),
       (10, 3, 2, 1, TRUE),
       (11, 3, 2, 1, TRUE),
       (1, 3, 1, 2, TRUE),
       (2, 3, 1, 2, TRUE),
       (3, 3, 1, 2, FALSE),
       (4, 3, 1, 2, TRUE),
       (5, 3, 1, 2, TRUE),
       (6, 3, 1, 2, FALSE),
       (7, 3, 1, 2, TRUE),
       (8, 3, 1, 2, TRUE),
       (9, 3, 1, 2, FALSE),
       (10, 3, 1, 2, TRUE),
       (11, 3, 1, 2, TRUE),
       (1, 3, 2, 2, TRUE),
       (2, 3, 2, 2, TRUE),
       (3, 3, 2, 2, FALSE),
       (4, 3, 2, 2, TRUE),
       (5, 3, 2, 2, TRUE),
       (6, 3, 2, 2, FALSE),
       (7, 3, 2, 2, TRUE),
       (8, 3, 2, 2, TRUE),
       (9, 3, 2, 2, FALSE),
       (10, 3, 2, 2, TRUE),
       (11, 3, 2, 2, TRUE),
       (1, 3, 1, 3, TRUE),
       (2, 3, 1, 3, TRUE),
       (3, 3, 1, 3, FALSE),
       (4, 3, 1, 3, TRUE),
       (5, 3, 1, 3, TRUE),
       (6, 3, 1, 3, FALSE),
       (7, 3, 1, 3, TRUE),
       (8, 3, 1, 3, TRUE),
       (9, 3, 1, 3, FALSE),
       (10, 3, 1, 3, TRUE),
       (11, 3, 1, 3, TRUE),
       (1, 3, 2, 3, TRUE),
       (2, 3, 2, 3, TRUE),
       (3, 3, 2, 3, FALSE),
       (4, 3, 2, 3, TRUE),
       (5, 3, 2, 3, TRUE),
       (6, 3, 2, 3, FALSE),
       (7, 3, 2, 3, TRUE),
       (8, 3, 2, 3, TRUE),
       (9, 3, 2, 3, FALSE),
       (10, 3, 2, 3, TRUE),
       (11, 3, 2, 3, TRUE),
       (1, 3, 1, 4, TRUE),
       (2, 3, 1, 4, TRUE),
       (3, 3, 1, 4, FALSE),
       (4, 3, 1, 4, TRUE),
       (5, 3, 1, 4, TRUE),
       (6, 3, 1, 4, FALSE),
       (7, 3, 1, 4, TRUE),
       (8, 3, 1, 4, TRUE),
       (9, 3, 1, 4, FALSE),
       (10, 3, 1, 4, TRUE),
       (11, 3, 1, 4, TRUE),
       (1, 4, 1, 1, TRUE),
       (2, 4, 1, 1, TRUE),
       (3, 4, 1, 1, FALSE),
       (4, 4, 1, 1, TRUE),
       (5, 4, 1, 1, FALSE),
       (6, 4, 1, 1, FALSE),
       (7, 4, 1, 1, FALSE),
       (8, 4, 1, 1, FALSE),
       (9, 4, 1, 1, FALSE),
       (10, 4, 1, 1, FALSE),
       (11, 4, 1, 1, TRUE),
       (12, 4, 1, 1, FALSE),
       (13, 4, 1, 1, TRUE),
       (14, 4, 1, 1, TRUE),
       (1, 4, 2, 1, TRUE),
       (2, 4, 2, 1, TRUE),
       (3, 4, 2, 1, FALSE),
       (4, 4, 2, 1, TRUE),
       (5, 4, 2, 1, TRUE),
       (6, 4, 2, 1, FALSE),
       (7, 4, 2, 1, FALSE),
       (8, 4, 2, 1, FALSE),
       (9, 4, 2, 1, FALSE),
       (10, 4, 2, 1, TRUE),
       (11, 4, 2, 1, TRUE),
       (12, 4, 2, 1, FALSE),
       (13, 4, 2, 1, TRUE),
       (14, 4, 2, 1, TRUE),
       (1, 4, 3, 1, FALSE),
       (2, 4, 3, 1, FALSE),
       (3, 4, 3, 1, FALSE),
       (4, 4, 3, 1, TRUE),
       (5, 4, 3, 1, TRUE),
       (6, 4, 3, 1, TRUE),
       (7, 4, 3, 1, TRUE),
       (8, 4, 3, 1, TRUE),
       (9, 4, 3, 1, TRUE),
       (10, 4, 3, 1, TRUE),
       (11, 4, 3, 1, TRUE),
       (12, 4, 3, 1, FALSE),
       (13, 4, 3, 1, TRUE),
       (14, 4, 3, 1, TRUE),
       (1, 4, 4, 1, TRUE),
       (2, 4, 4, 1, TRUE),
       (3, 4, 4, 1, FALSE),
       (4, 4, 4, 1, FALSE),
       (5, 4, 4, 1, TRUE),
       (6, 4, 4, 1, TRUE),
       (7, 4, 4, 1, TRUE),
       (8, 4, 4, 1, TRUE),
       (9, 4, 4, 1, TRUE),
       (10, 4, 4, 1, TRUE),
       (11, 4, 4, 1, FALSE),
       (12, 4, 4, 1, FALSE),
       (13, 4, 4, 1, TRUE),
       (14, 4, 4, 1, TRUE),
       (1, 4, 5, 1, TRUE),
       (2, 4, 5, 1, TRUE),
       (3, 4, 5, 1, FALSE),
       (4, 4, 5, 1, FALSE),
       (5, 4, 5, 1, FALSE),
       (6, 4, 5, 1, TRUE),
       (7, 4, 5, 1, TRUE),
       (8, 4, 5, 1, TRUE),
       (9, 4, 5, 1, TRUE),
       (10, 4, 5, 1, FALSE),
       (11, 4, 5, 1, FALSE),
       (12, 4, 5, 1, FALSE),
       (13, 4, 5, 1, TRUE),
       (14, 4, 5, 1, TRUE),
       (1, 4, 1, 2, TRUE),
       (2, 4, 1, 2, TRUE),
       (3, 4, 1, 2, TRUE),
       (4, 4, 1, 2, FALSE),
       (5, 4, 1, 2, FALSE),
       (6, 4, 1, 2, FALSE),
       (7, 4, 1, 2, FALSE),
       (8, 4, 1, 2, FALSE),
       (9, 4, 1, 2, FALSE),
       (10, 4, 1, 2, FALSE),
       (11, 4, 1, 2, TRUE),
       (12, 4, 1, 2, TRUE),
       (13, 4, 1, 2, TRUE),
       (14, 4, 1, 2, TRUE),
       (1, 4, 2, 2, TRUE),
       (2, 4, 2, 2, TRUE),
       (3, 4, 2, 2, TRUE),
       (4, 4, 2, 2, FALSE),
       (5, 4, 2, 2, TRUE),
       (6, 4, 2, 2, TRUE),
       (7, 4, 2, 2, TRUE),
       (8, 4, 2, 2, TRUE),
       (9, 4, 2, 2, TRUE),
       (10, 4, 2, 2, FALSE),
       (11, 4, 2, 2, TRUE),
       (12, 4, 2, 2, TRUE),
       (13, 4, 2, 2, TRUE),
       (14, 4, 2, 2, TRUE),
       (1, 4, 3, 2, TRUE),
       (2, 4, 3, 2, TRUE),
       (3, 4, 3, 2, TRUE),
       (4, 4, 3, 2, FALSE),
       (5, 4, 3, 2, TRUE),
       (6, 4, 3, 2, TRUE),
       (7, 4, 3, 2, TRUE),
       (8, 4, 3, 2, TRUE),
       (9, 4, 3, 2, TRUE),
       (10, 4, 3, 2, FALSE),
       (11, 4, 3, 2, TRUE),
       (12, 4, 3, 2, TRUE),
       (13, 4, 3, 2, TRUE),
       (14, 4, 3, 2, TRUE),
       (1, 5, 1, 1, FALSE),
       (2, 5, 1, 1, TRUE),
       (3, 5, 1, 1, TRUE),
       (4, 5, 1, 1, TRUE),
       (5, 5, 1, 1, TRUE),
       (6, 5, 1, 1, TRUE),
       (7, 5, 1, 1, TRUE),
       (8, 5, 1, 1, TRUE),
       (9, 5, 1, 1, TRUE),
       (10, 5, 1, 1, TRUE),
       (11, 5, 1, 1, TRUE),
       (12, 5, 1, 1, TRUE),
       (13, 5, 1, 1, TRUE),
       (14, 5, 1, 1, FALSE),
       (1, 5, 2, 1, FALSE),
       (2, 5, 2, 1, FALSE),
       (3, 5, 2, 1, TRUE),
       (4, 5, 2, 1, TRUE),
       (5, 5, 2, 1, TRUE),
       (6, 5, 2, 1, TRUE),
       (7, 5, 2, 1, TRUE),
       (8, 5, 2, 1, TRUE),
       (9, 5, 2, 1, TRUE),
       (10, 5, 2, 1, TRUE),
       (11, 5, 2, 1, TRUE),
       (12, 5, 2, 1, TRUE),
       (13, 5, 2, 1, FALSE),
       (14, 5, 2, 1, FALSE),
       (1, 5, 3, 1, FALSE),
       (2, 5, 3, 1, FALSE),
       (3, 5, 3, 1, FALSE),
       (4, 5, 3, 1, TRUE),
       (5, 5, 3, 1, TRUE),
       (6, 5, 3, 1, TRUE),
       (7, 5, 3, 1, TRUE),
       (8, 5, 3, 1, TRUE),
       (9, 5, 3, 1, TRUE),
       (10, 5, 3, 1, TRUE),
       (11, 5, 3, 1, TRUE),
       (12, 5, 3, 1, FALSE),
       (13, 5, 3, 1, FALSE),
       (14, 5, 3, 1, FALSE),
       (1, 5, 4, 1, TRUE),
       (2, 5, 4, 1, FALSE),
       (3, 5, 4, 1, FALSE),
       (4, 5, 4, 1, FALSE),
       (5, 5, 4, 1, TRUE),
       (6, 5, 4, 1, TRUE),
       (7, 5, 4, 1, TRUE),
       (8, 5, 4, 1, TRUE),
       (9, 5, 4, 1, TRUE),
       (10, 5, 4, 1, TRUE),
       (11, 5, 4, 1, FALSE),
       (12, 5, 4, 1, FALSE),
       (13, 5, 4, 1, FALSE),
       (14, 5, 4, 1, TRUE),
       (1, 5, 5, 1, TRUE),
       (2, 5, 5, 1, TRUE),
       (3, 5, 5, 1, FALSE),
       (4, 5, 5, 1, FALSE),
       (5, 5, 5, 1, FALSE),
       (6, 5, 5, 1, TRUE),
       (7, 5, 5, 1, TRUE),
       (8, 5, 5, 1, TRUE),
       (9, 5, 5, 1, TRUE),
       (10, 5, 5, 1, FALSE),
       (11, 5, 5, 1, FALSE),
       (12, 5, 5, 1, FALSE),
       (13, 5, 5, 1, TRUE),
       (14, 5, 5, 1, TRUE),
       (1, 5, 6, 1, TRUE),
       (2, 5, 6, 1, TRUE),
       (3, 5, 6, 1, TRUE),
       (4, 5, 6, 1, FALSE),
       (5, 5, 6, 1, FALSE),
       (6, 5, 6, 1, FALSE),
       (7, 5, 6, 1, TRUE),
       (8, 5, 6, 1, TRUE),
       (9, 5, 6, 1, FALSE),
       (10, 5, 6, 1, FALSE),
       (11, 5, 6, 1, FALSE),
       (12, 5, 6, 1, TRUE),
       (13, 5, 6, 1, TRUE),
       (14, 5, 6, 1, TRUE),
       (1, 5, 7, 1, TRUE),
       (2, 5, 7, 1, TRUE),
       (3, 5, 7, 1, TRUE),
       (4, 5, 7, 1, TRUE),
       (5, 5, 7, 1, FALSE),
       (6, 5, 7, 1, FALSE),
       (7, 5, 7, 1, FALSE),
       (8, 5, 7, 1, FALSE),
       (9, 5, 7, 1, FALSE),
       (10, 5, 7, 1, FALSE),
       (11, 5, 7, 1, TRUE),
       (12, 5, 7, 1, TRUE),
       (13, 5, 7, 1, TRUE),
       (14, 5, 7, 1, TRUE),
       (1, 5, 8, 1, TRUE),
       (2, 5, 8, 1, TRUE),
       (3, 5, 8, 1, TRUE),
       (4, 5, 8, 1, TRUE),
       (5, 5, 8, 1, TRUE),
       (6, 5, 8, 1, FALSE),
       (7, 5, 8, 1, FALSE),
       (8, 5, 8, 1, FALSE),
       (9, 5, 8, 1, FALSE),
       (10, 5, 8, 1, TRUE),
       (11, 5, 8, 1, TRUE),
       (12, 5, 8, 1, TRUE),
       (13, 5, 8, 1, TRUE),
       (14, 5, 8, 1, TRUE),
       (1, 5, 9, 1, TRUE),
       (2, 5, 9, 1, TRUE),
       (3, 5, 9, 1, TRUE),
       (4, 5, 9, 1, TRUE),
       (5, 5, 9, 1, TRUE),
       (6, 5, 9, 1, FALSE),
       (7, 5, 9, 1, FALSE),
       (8, 5, 9, 1, FALSE),
       (9, 5, 9, 1, FALSE),
       (10, 5, 9, 1, TRUE),
       (11, 5, 9, 1, TRUE),
       (12, 5, 9, 1, TRUE),
       (13, 5, 9, 1, TRUE),
       (14, 5, 9, 1, TRUE),
       (1, 5, 10, 1, TRUE),
       (2, 5, 10, 1, TRUE),
       (3, 5, 10, 1, TRUE),
       (4, 5, 10, 1, TRUE),
       (5, 5, 10, 1, TRUE),
       (6, 5, 10, 1, FALSE),
       (7, 5, 10, 1, FALSE),
       (8, 5, 10, 1, FALSE),
       (9, 5, 10, 1, FALSE),
       (10, 5, 10, 1, TRUE),
       (11, 5, 10, 1, TRUE),
       (12, 5, 10, 1, TRUE),
       (13, 5, 10, 1, TRUE),
       (14, 5, 10, 1, TRUE),
       (1, 5, 1, 2, TRUE),
       (2, 5, 1, 2, TRUE),
       (3, 5, 1, 2, TRUE),
       (4, 5, 1, 2, TRUE),
       (5, 5, 1, 2, TRUE),
       (6, 5, 1, 2, TRUE),
       (7, 5, 1, 2, FALSE),
       (8, 5, 1, 2, FALSE),
       (9, 5, 1, 2, TRUE),
       (10, 5, 1, 2, TRUE),
       (11, 5, 1, 2, TRUE),
       (12, 5, 1, 2, TRUE),
       (13, 5, 1, 2, TRUE),
       (14, 5, 1, 2, TRUE),
       (1, 5, 2, 2, TRUE),
       (2, 5, 2, 2, TRUE),
       (3, 5, 2, 2, TRUE),
       (4, 5, 2, 2, TRUE),
       (5, 5, 2, 2, TRUE),
       (6, 5, 2, 2, TRUE),
       (7, 5, 2, 2, FALSE),
       (8, 5, 2, 2, FALSE),
       (9, 5, 2, 2, TRUE),
       (10, 5, 2, 2, TRUE),
       (11, 5, 2, 2, TRUE),
       (12, 5, 2, 2, TRUE),
       (13, 5, 2, 2, TRUE),
       (14, 5, 2, 2, TRUE),
       (1, 5, 3, 2, FALSE),
       (2, 5, 3, 2, FALSE),
       (3, 5, 3, 2, FALSE),
       (4, 5, 3, 2, FALSE),
       (5, 5, 3, 2, FALSE),
       (6, 5, 3, 2, FALSE),
       (7, 5, 3, 2, FALSE),
       (8, 5, 3, 2, FALSE),
       (9, 5, 3, 2, FALSE),
       (10, 5, 3, 2, FALSE),
       (11, 5, 3, 2, FALSE),
       (12, 5, 3, 2, FALSE),
       (13, 5, 3, 2, FALSE),
       (14, 5, 3, 2, FALSE),
       (1, 5, 4, 2, TRUE),
       (2, 5, 4, 2, TRUE),
       (3, 5, 4, 2, TRUE),
       (4, 5, 4, 2, TRUE),
       (5, 5, 4, 2, TRUE),
       (6, 5, 4, 2, TRUE),
       (7, 5, 4, 2, FALSE),
       (8, 5, 4, 2, FALSE),
       (9, 5, 4, 2, TRUE),
       (10, 5, 4, 2, TRUE),
       (11, 5, 4, 2, TRUE),
       (12, 5, 4, 2, TRUE),
       (13, 5, 4, 2, TRUE),
       (14, 5, 4, 2, TRUE),
       (1, 5, 5, 2, TRUE),
       (2, 5, 5, 2, TRUE),
       (3, 5, 5, 2, TRUE),
       (4, 5, 5, 2, TRUE),
       (5, 5, 5, 2, TRUE),
       (6, 5, 5, 2, TRUE),
       (7, 5, 5, 2, FALSE),
       (8, 5, 5, 2, FALSE),
       (9, 5, 5, 2, TRUE),
       (10, 5, 5, 2, TRUE),
       (11, 5, 5, 2, TRUE),
       (12, 5, 5, 2, TRUE),
       (13, 5, 5, 2, TRUE),
       (14, 5, 5, 2, TRUE),
       (1, 6, 1, 1, TRUE),
       (2, 6, 1, 1, FALSE),
       (3, 6, 1, 1, TRUE),
       (4, 6, 1, 1, FALSE),
       (5, 6, 1, 1, TRUE),
       (1, 6, 2, 1, TRUE),
       (2, 6, 2, 1, FALSE),
       (3, 6, 2, 1, TRUE),
       (4, 6, 2, 1, FALSE),
       (5, 6, 2, 1, TRUE),
       (1, 6, 3, 1, TRUE),
       (2, 6, 3, 1, FALSE),
       (3, 6, 3, 1, TRUE),
       (4, 6, 3, 1, FALSE),
       (5, 6, 3, 1, TRUE),
       (1, 6, 1, 2, TRUE),
       (2, 6, 1, 2, FALSE),
       (3, 6, 1, 2, TRUE),
       (4, 6, 1, 2, FALSE),
       (5, 6, 1, 2, TRUE),
       (1, 6, 2, 2, TRUE),
       (2, 6, 2, 2, FALSE),
       (3, 6, 2, 2, TRUE),
       (4, 6, 2, 2, FALSE),
       (5, 6, 2, 2, TRUE),
       (1, 6, 3, 2, TRUE),
       (2, 6, 3, 2, FALSE),
       (3, 6, 3, 2, TRUE),
       (4, 6, 3, 2, FALSE),
       (5, 6, 3, 2, TRUE),
       (1, 6, 1, 3, TRUE),
       (2, 6, 1, 3, TRUE),
       (3, 6, 1, 3, TRUE),
       (1, 6, 2, 3, TRUE),
       (2, 6, 2, 3, TRUE),
       (3, 6, 2, 3, TRUE),
       (1, 7, 1, 2, TRUE),
       (2, 7, 1, 2, TRUE),
       (3, 7, 1, 2, TRUE),
       (4, 7, 1, 2, TRUE),
       (5, 7, 1, 2, TRUE),
       (6, 7, 1, 2, FALSE),
       (7, 7, 1, 2, FALSE),
       (8, 7, 1, 2, TRUE),
       (9, 7, 1, 2, TRUE),
       (10, 7, 1, 2, TRUE),
       (11, 7, 1, 2, TRUE),
       (12, 7, 1, 2, TRUE),
       (1, 7, 2, 2, TRUE),
       (2, 7, 2, 2, TRUE),
       (3, 7, 2, 2, TRUE),
       (4, 7, 2, 2, TRUE),
       (5, 7, 2, 2, TRUE),
       (6, 7, 2, 2, FALSE),
       (7, 7, 2, 2, FALSE),
       (8, 7, 2, 2, TRUE),
       (9, 7, 2, 2, TRUE),
       (10, 7, 2, 2, TRUE),
       (11, 7, 2, 2, TRUE),
       (12, 7, 2, 2, TRUE),
       (1, 7, 3, 2, FALSE),
       (2, 7, 3, 2, FALSE),
       (3, 7, 3, 2, FALSE),
       (4, 7, 3, 2, FALSE),
       (5, 7, 3, 2, FALSE),
       (6, 7, 3, 2, FALSE),
       (7, 7, 3, 2, FALSE),
       (8, 7, 3, 2, FALSE),
       (9, 7, 3, 2, FALSE),
       (10, 7, 3, 2, FALSE),
       (11, 7, 3, 2, FALSE),
       (12, 7, 3, 2, FALSE),
       (1, 7, 4, 2, TRUE),
       (2, 7, 4, 2, TRUE),
       (3, 7, 4, 2, TRUE),
       (4, 7, 4, 2, TRUE),
       (5, 7, 4, 2, TRUE),
       (6, 7, 4, 2, FALSE),
       (7, 7, 4, 2, FALSE),
       (8, 7, 4, 2, TRUE),
       (9, 7, 4, 2, TRUE),
       (10, 7, 4, 2, TRUE),
       (11, 7, 4, 2, TRUE),
       (12, 7, 4, 2, TRUE),
       (1, 7, 5, 2, TRUE),
       (2, 7, 5, 2, TRUE),
       (3, 7, 5, 2, TRUE),
       (4, 7, 5, 2, TRUE),
       (5, 7, 5, 2, TRUE),
       (6, 7, 5, 2, FALSE),
       (7, 7, 5, 2, FALSE),
       (8, 7, 5, 2, TRUE),
       (9, 7, 5, 2, TRUE),
       (10, 7, 5, 2, TRUE),
       (11, 7, 5, 2, TRUE),
       (12, 7, 5, 2, TRUE),
       (1, 7, 1, 3, TRUE),
       (2, 7, 1, 3, TRUE),
       (3, 7, 1, 3, TRUE),
       (4, 7, 1, 3, TRUE),
       (5, 7, 1, 3, TRUE),
       (6, 7, 1, 3, FALSE),
       (7, 7, 1, 3, FALSE),
       (8, 7, 1, 3, TRUE),
       (9, 7, 1, 3, TRUE),
       (10, 7, 1, 3, TRUE),
       (11, 7, 1, 3, TRUE),
       (12, 7, 1, 3, TRUE),
       (1, 7, 2, 3, TRUE),
       (2, 7, 2, 3, TRUE),
       (3, 7, 2, 3, TRUE),
       (4, 7, 2, 3, TRUE),
       (5, 7, 2, 3, TRUE),
       (6, 7, 2, 3, FALSE),
       (7, 7, 2, 3, FALSE),
       (8, 7, 2, 3, TRUE),
       (9, 7, 2, 3, TRUE),
       (10, 7, 2, 3, TRUE),
       (11, 7, 2, 3, TRUE),
       (12, 7, 2, 3, TRUE),
       (1, 7, 3, 3, FALSE),
       (2, 7, 3, 3, FALSE),
       (3, 7, 3, 3, FALSE),
       (4, 7, 3, 3, FALSE),
       (5, 7, 3, 3, FALSE),
       (6, 7, 3, 3, FALSE),
       (7, 7, 3, 3, FALSE),
       (8, 7, 3, 3, FALSE),
       (9, 7, 3, 3, FALSE),
       (10, 7, 3, 3, FALSE),
       (11, 7, 3, 3, FALSE),
       (12, 7, 3, 3, FALSE),
       (1, 7, 4, 3, TRUE),
       (2, 7, 4, 3, TRUE),
       (3, 7, 4, 3, TRUE),
       (4, 7, 4, 3, TRUE),
       (5, 7, 4, 3, TRUE),
       (6, 7, 4, 3, FALSE),
       (7, 7, 4, 3, FALSE),
       (8, 7, 4, 3, TRUE),
       (9, 7, 4, 3, TRUE),
       (10, 7, 4, 3, TRUE),
       (11, 7, 4, 3, TRUE),
       (12, 7, 4, 3, TRUE),
       (1, 7, 5, 3, TRUE),
       (2, 7, 5, 3, TRUE),
       (3, 7, 5, 3, TRUE),
       (4, 7, 5, 3, TRUE),
       (5, 7, 5, 3, TRUE),
       (6, 7, 5, 3, FALSE),
       (7, 7, 5, 3, FALSE),
       (8, 7, 5, 3, TRUE),
       (9, 7, 5, 3, TRUE),
       (10, 7, 5, 3, TRUE),
       (11, 7, 5, 3, TRUE),
       (12, 7, 5, 3, TRUE),
       (4, 7, 2, 4, TRUE),
       (1, 7, 1, 4, TRUE),
       (2, 7, 1, 4, TRUE),
       (3, 7, 1, 4, TRUE),
       (4, 7, 1, 4, TRUE),
       (5, 7, 1, 4, TRUE),
       (6, 7, 1, 4, FALSE),
       (7, 7, 1, 4, FALSE),
       (8, 7, 1, 4, TRUE),
       (9, 7, 1, 4, TRUE),
       (10, 7, 1, 4, TRUE),
       (11, 7, 1, 4, TRUE),
       (12, 7, 1, 4, TRUE),
       (1, 7, 2, 4, TRUE),
       (2, 7, 2, 4, TRUE),
       (3, 7, 2, 4, TRUE),
       (5, 7, 2, 4, TRUE),
       (6, 7, 2, 4, FALSE),
       (7, 7, 2, 4, FALSE),
       (8, 7, 2, 4, TRUE),
       (9, 7, 2, 4, TRUE),
       (10, 7, 2, 4, TRUE),
       (11, 7, 2, 4, TRUE),
       (12, 7, 2, 4, TRUE),
       (1, 7, 3, 4, TRUE),
       (2, 7, 3, 4, TRUE),
       (3, 7, 3, 4, TRUE),
       (4, 7, 3, 4, TRUE),
       (5, 7, 3, 4, TRUE),
       (6, 7, 3, 4, FALSE),
       (7, 7, 3, 4, FALSE),
       (8, 7, 3, 4, TRUE),
       (9, 7, 3, 4, TRUE),
       (10, 7, 3, 4, TRUE),
       (11, 7, 3, 4, TRUE),
       (12, 7, 3, 4, TRUE),
       (1, 8, 1, 1, TRUE),
       (2, 8, 1, 1, FALSE),
       (3, 8, 1, 1, TRUE),
       (4, 8, 1, 1, FALSE),
       (5, 8, 1, 1, TRUE),
       (1, 8, 2, 1, TRUE),
       (2, 8, 2, 1, FALSE),
       (3, 8, 2, 1, TRUE),
       (4, 8, 2, 1, FALSE),
       (5, 8, 2, 1, TRUE),
       (1, 8, 3, 1, TRUE),
       (2, 8, 3, 1, FALSE),
       (3, 8, 3, 1, TRUE),
       (4, 8, 3, 1, FALSE),
       (5, 8, 3, 1, TRUE),
       (1, 8, 1, 2, TRUE),
       (2, 8, 1, 2, FALSE),
       (3, 8, 1, 2, TRUE),
       (4, 8, 1, 2, FALSE),
       (5, 8, 1, 2, TRUE),
       (1, 8, 2, 2, TRUE),
       (2, 8, 2, 2, FALSE),
       (3, 8, 2, 2, TRUE),
       (4, 8, 2, 2, FALSE),
       (5, 8, 2, 2, TRUE),
       (1, 8, 3, 2, TRUE),
       (2, 8, 3, 2, FALSE),
       (3, 8, 3, 2, TRUE),
       (4, 8, 3, 2, FALSE),
       (5, 8, 3, 2, TRUE),
       (1, 8, 1, 3, TRUE),
       (2, 8, 1, 3, TRUE),
       (3, 8, 1, 3, TRUE),
       (1, 8, 2, 3, TRUE),
       (2, 8, 2, 3, TRUE),
       (3, 8, 2, 3, TRUE),
       (1, 10, 1, 1, TRUE),
       (2, 10, 1, 1, FALSE),
       (3, 10, 1, 1, TRUE),
       (4, 10, 1, 1, FALSE),
       (5, 10, 1, 1, TRUE),
       (1, 10, 2, 1, TRUE),
       (2, 10, 2, 1, FALSE),
       (3, 10, 2, 1, TRUE),
       (4, 10, 2, 1, FALSE),
       (5, 10, 2, 1, TRUE),
       (1, 10, 3, 1, TRUE),
       (2, 10, 3, 1, FALSE),
       (3, 10, 3, 1, TRUE),
       (4, 10, 3, 1, FALSE),
       (5, 10, 3, 1, TRUE),
       (1, 10, 1, 2, TRUE),
       (2, 10, 1, 2, FALSE),
       (3, 10, 1, 2, TRUE),
       (4, 10, 1, 2, FALSE),
       (5, 10, 1, 2, TRUE),
       (1, 10, 2, 2, TRUE),
       (2, 10, 2, 2, FALSE),
       (3, 10, 2, 2, TRUE),
       (4, 10, 2, 2, FALSE),
       (5, 10, 2, 2, TRUE),
       (1, 10, 3, 2, TRUE),
       (2, 10, 3, 2, FALSE),
       (3, 10, 3, 2, TRUE),
       (4, 10, 3, 2, FALSE),
       (5, 10, 3, 2, TRUE),
       (1, 10, 1, 3, TRUE),
       (2, 10, 1, 3, TRUE),
       (3, 10, 1, 3, TRUE),
       (1, 10, 2, 3, TRUE),
       (2, 10, 2, 3, TRUE),
       (3, 10, 2, 3, TRUE),
       (1, 9, 1, 1, TRUE),
       (2, 9, 1, 1, TRUE),
       (3, 9, 1, 1, FALSE),
       (4, 9, 1, 1, TRUE),
       (5, 9, 1, 1, TRUE),
       (6, 9, 1, 1, FALSE),
       (7, 9, 1, 1, TRUE),
       (8, 9, 1, 1, TRUE),
       (9, 9, 1, 1, FALSE),
       (10, 9, 1, 1, TRUE),
       (11, 9, 1, 1, TRUE),
       (1, 9, 2, 1, TRUE),
       (2, 9, 2, 1, TRUE),
       (3, 9, 2, 1, FALSE),
       (4, 9, 2, 1, TRUE),
       (5, 9, 2, 1, TRUE),
       (6, 9, 2, 1, FALSE),
       (7, 9, 2, 1, TRUE),
       (8, 9, 2, 1, TRUE),
       (9, 9, 2, 1, FALSE),
       (10, 9, 2, 1, TRUE),
       (11, 9, 2, 1, TRUE),
       (1, 9, 1, 2, TRUE),
       (2, 9, 1, 2, TRUE),
       (3, 9, 1, 2, FALSE),
       (4, 9, 1, 2, TRUE),
       (5, 9, 1, 2, TRUE),
       (6, 9, 1, 2, FALSE),
       (7, 9, 1, 2, TRUE),
       (8, 9, 1, 2, TRUE),
       (9, 9, 1, 2, FALSE),
       (10, 9, 1, 2, TRUE),
       (11, 9, 1, 2, TRUE),
       (1, 9, 2, 2, TRUE),
       (2, 9, 2, 2, TRUE),
       (3, 9, 2, 2, FALSE),
       (4, 9, 2, 2, TRUE),
       (5, 9, 2, 2, TRUE),
       (6, 9, 2, 2, FALSE),
       (7, 9, 2, 2, TRUE),
       (8, 9, 2, 2, TRUE),
       (9, 9, 2, 2, FALSE),
       (10, 9, 2, 2, TRUE),
       (11, 9, 2, 2, TRUE),
       (1, 9, 1, 3, TRUE),
       (2, 9, 1, 3, TRUE),
       (3, 9, 1, 3, FALSE),
       (4, 9, 1, 3, TRUE),
       (5, 9, 1, 3, TRUE),
       (6, 9, 1, 3, FALSE),
       (7, 9, 1, 3, TRUE),
       (8, 9, 1, 3, TRUE),
       (9, 9, 1, 3, FALSE),
       (10, 9, 1, 3, TRUE),
       (11, 9, 1, 3, TRUE),
       (1, 9, 2, 3, TRUE),
       (2, 9, 2, 3, TRUE),
       (3, 9, 2, 3, FALSE),
       (4, 9, 2, 3, TRUE),
       (5, 9, 2, 3, TRUE),
       (6, 9, 2, 3, FALSE),
       (7, 9, 2, 3, TRUE),
       (8, 9, 2, 3, TRUE),
       (9, 9, 2, 3, FALSE),
       (10, 9, 2, 3, TRUE),
       (11, 9, 2, 3, TRUE),
       (1, 9, 1, 4, TRUE),
       (2, 9, 1, 4, TRUE),
       (3, 9, 1, 4, FALSE),
       (4, 9, 1, 4, TRUE),
       (5, 9, 1, 4, TRUE),
       (6, 9, 1, 4, FALSE),
       (7, 9, 1, 4, TRUE),
       (8, 9, 1, 4, TRUE),
       (9, 9, 1, 4, FALSE),
       (10, 9, 1, 4, TRUE),
       (11, 9, 1, 4, TRUE),
       (1, 11, 1, 1, TRUE),
       (2, 11, 1, 1, TRUE),
       (3, 11, 1, 1, FALSE),
       (4, 11, 1, 1, TRUE),
       (5, 11, 1, 1, TRUE),
       (6, 11, 1, 1, FALSE),
       (7, 11, 1, 1, TRUE),
       (8, 11, 1, 1, TRUE),
       (9, 11, 1, 1, FALSE),
       (10, 11, 1, 1, TRUE),
       (11, 11, 1, 1, TRUE),
       (1, 11, 2, 1, TRUE),
       (2, 11, 2, 1, TRUE),
       (3, 11, 2, 1, FALSE),
       (4, 11, 2, 1, TRUE),
       (5, 11, 2, 1, TRUE),
       (6, 11, 2, 1, FALSE),
       (7, 11, 2, 1, TRUE),
       (8, 11, 2, 1, TRUE),
       (9, 11, 2, 1, FALSE),
       (10, 11, 2, 1, TRUE),
       (11, 11, 2, 1, TRUE),
       (1, 11, 1, 2, TRUE),
       (2, 11, 1, 2, TRUE),
       (3, 11, 1, 2, FALSE),
       (4, 11, 1, 2, TRUE),
       (5, 11, 1, 2, TRUE),
       (6, 11, 1, 2, FALSE),
       (7, 11, 1, 2, TRUE),
       (8, 11, 1, 2, TRUE),
       (9, 11, 1, 2, FALSE),
       (10, 11, 1, 2, TRUE),
       (11, 11, 1, 2, TRUE),
       (1, 11, 2, 2, TRUE),
       (2, 11, 2, 2, TRUE),
       (3, 11, 2, 2, FALSE),
       (4, 11, 2, 2, TRUE),
       (5, 11, 2, 2, TRUE),
       (6, 11, 2, 2, FALSE),
       (7, 11, 2, 2, TRUE),
       (8, 11, 2, 2, TRUE),
       (9, 11, 2, 2, FALSE),
       (10, 11, 2, 2, TRUE),
       (11, 11, 2, 2, TRUE),
       (1, 11, 1, 3, TRUE),
       (2, 11, 1, 3, TRUE),
       (3, 11, 1, 3, FALSE),
       (4, 11, 1, 3, TRUE),
       (5, 11, 1, 3, TRUE),
       (6, 11, 1, 3, FALSE),
       (7, 11, 1, 3, TRUE),
       (8, 11, 1, 3, TRUE),
       (9, 11, 1, 3, FALSE),
       (10, 11, 1, 3, TRUE),
       (11, 11, 1, 3, TRUE),
       (1, 11, 2, 3, TRUE),
       (2, 11, 2, 3, TRUE),
       (3, 11, 2, 3, FALSE),
       (4, 11, 2, 3, TRUE),
       (5, 11, 2, 3, TRUE),
       (6, 11, 2, 3, FALSE),
       (7, 11, 2, 3, TRUE),
       (8, 11, 2, 3, TRUE),
       (9, 11, 2, 3, FALSE),
       (10, 11, 2, 3, TRUE),
       (11, 11, 2, 3, TRUE),
       (1, 11, 1, 4, TRUE),
       (2, 11, 1, 4, TRUE),
       (3, 11, 1, 4, FALSE),
       (4, 11, 1, 4, TRUE),
       (5, 11, 1, 4, TRUE),
       (6, 11, 1, 4, FALSE),
       (7, 11, 1, 4, TRUE),
       (8, 11, 1, 4, TRUE),
       (9, 11, 1, 4, FALSE),
       (10, 11, 1, 4, TRUE),
       (11, 11, 1, 4, TRUE);



INSERT INTO EVENT_CATEGORY (ID, DISPLAY_NAME)
VALUES (1, 'Concert'),
       (2, 'Movie'),
       (3, 'Drama'),
       (4, 'Festival'),
       (5, 'Documentary'),
       (6, 'Action'),
       (7, 'Crime'),
       (8, 'Thriller'),
       (9, 'Fantasy'),
       (10, 'Horror'),
       (11, 'Comedy'),
       (12, 'Romance'),
       (13, 'Adventure'),
       (14, 'Animation'),
       (15, 'War'),
       (16, 'Children'),
       (17, 'Mystery'),
       (18, 'Sci-Fi'),
       (19, 'Musical'),
       (20, 'Presentation'),
       (21, 'Classic'),
       (22, 'Opera'),
       (23, 'Performance'),
       (24, 'Standup-Comedy'),
       (25, 'Event');

INSERT INTO EVENT (ID, TITLE, CATEGORY_ID, DESCRIPTION, DURATION, IMAGE_REF)
VALUES (1, 'The HELLA MEGA Tour', 1,
        'The HELLA MEGA TOUR is coming to Austria. We are featuring Green Day, Fall Out Boy and Weezer. Come join us on Sunday 19th of June in Ernst Happel Stadion',
        16800000000000, 'Hella_Mega_Tour.jpg'),
       (2, 'Souffle Continu', 1,
        'Inspired by the rich collection of historical instruments at Vienna’s Musikverein, the Lebanese sound artist has created, specifically for Souffle Continu (Continous Breath), two new exhibits from his extraordinary musical instruments.',
        4800000000000, 'Souffle_Continu.jpg'),
       (3, 'Film Festival 2022', 4,
        'Enjoy the unique combination of major music productions and top-quality food&drinks under the open sky in front of Vienna''s City Hall.',
        10800000000000, 'Film_Festival_2022.jpg'),
       (4, 'Doctor Strange in the Multiverse of Madness', 2,
        'Dr. Stephen Strange casts a forbidden spell that opens the doorway to the multiverse, including alternate versions of himself, whose threat to humanity is too great for the combined forces of Strange, Wong, and Wanda Maximoff.',
        8400000000000, 'Dr_Strange_and_the_Multiverse_of_Madness.jpg'),
       (5, 'Twenty One Pilots Tour 2022', 1,
        'Twenty One Pilots is an American indie pop duo formed in 2009 by Tyler Joseph and Josh Dun. The majority of their songs consists of a mix of piano, synthesizer, drums and vocals - it is not easy to assign them to a genre, as Twenty One Pilots combine many elements of individual genres. The band released their first two albums "Twenty One Pilots" (2009) and "Regional at Best" (2011) themselves. In 2013 they released the album "Vessel" on the "Fueled by Ramen" label, followed in 2015 by "Blurryface".',
        14400000000000, 'Twenty_One_Pilots_2022.jpg'),
       (6, 'Avatar 2', 18,
        'Jake Sully lives with his newfound family formed on the planet of Pandora. Once a familiar threat returns to finish what was previously started, Jake must work with Neytiri and the army of the Navi race to protect their planet.',
        8712000000000, 'Avatar_2.jpg'),
       (7, 'Beauty and the Beast', 19,
        'Beauty and the Beast focuses on the relationship between the Beast, a prince who is magically transformed into a monster and his servants into household objects as punishment for his arrogance, and Belle, a young woman whom he imprisons in his castle.',
        14400000000000, 'The_Beauty_And_The_Beast.webp'),
       (8, 'Mamma Mia', 19,
        '	The story of a bride-to-be trying to find her real father told using hit songs by the popular 1970s group ABBA. Set on a colorful Greek island, the plot serves as a background for a wealth of ABBA songs. A young woman about to be married discovers that any one of three men could be her father.',
        12600000000000, 'Mamma_Mia.jpg'),
       (9, 'Greates Showman', 2,
        '	Celebrates the birth of show business and tells of a visionary who rose from nothing to create a spectacle that became a worldwide sensation. Celebrates the birth of show business and tells of a visionary who rose from nothing to create a spectacle that became a worldwide sensation.',
        6300000000000, 'The_Greatest_Showman.jpeg'),
       (10, 'La La Land', 2,
        '	While navigating their careers in Los Angeles, a pianist and an actress fall in love while attempting to reconcile their aspirations for the future. While navigating their careers in Los Angeles, a pianist and an actress fall in love while attempting to reconcile their aspirations for the future.',
        7680000000000, 'la_la_land.jpg');

INSERT INTO EVENT_SHOWING (ID, EVENT_ID, OCCURS_ON, PERFORMED_AT)
VALUES (1, 1, '2022-08-19 17:30:00', 1),
       (2, 2, '2022-08-03 20:00:00', 1),
       (3, 2, '2022-08-10 16:00:00', 1),
       (4, 3, '2022-08-02 21:00:00', 1),
       (5, 3, '2022-08-10 21:15:00', 1),
       (6, 4, '2022-08-07 15:30:00', 1),
       (7, 4, '2022-08-07 20:30:00', 1),
       (8, 4, '2022-08-09 20:15:00', 1),
       (9, 5, '2022-07-26 19:30:00', 7),
       (10, 5, '2022-07-27 19:30:00', 5),
       (11, 5, '2022-07-28 19:30:00', 11),
       (12, 6, '2022-12-14 20:30:00', 1),
       (13, 6, '2022-12-14 20:00:00', 2),
       (14, 6, '2022-12-14 20:15:00', 3),
       (15, 6, '2022-12-14 20:30:00', 4),
       (16, 6, '2022-12-15 15:30:00', 1),
       (17, 6, '2022-12-15 16:30:00', 2),
       (18, 6, '2022-12-15 16:30:00', 3),
       (19, 6, '2022-12-15 15:30:00', 4),
       (20, 6, '2022-12-15 18:30:00', 1),
       (21, 6, '2022-12-15 19:30:00', 2),
       (22, 6, '2022-12-15 19:30:00', 3),
       (23, 6, '2022-12-15 18:30:00', 4),
       (24, 6, '2022-12-15 21:30:00', 1),
       (25, 6, '2022-12-15 22:30:00', 2),
       (26, 6, '2022-12-15 22:30:00', 3),
       (27, 6, '2022-12-15 21:30:00', 4),
       (28, 6, '2022-12-16 15:30:00', 1),
       (29, 6, '2022-12-16 16:30:00', 2),
       (30, 6, '2022-12-16 16:30:00', 3),
       (31, 6, '2022-12-16 15:30:00', 4),
       (32, 6, '2022-12-16 18:30:00', 1),
       (33, 6, '2022-12-16 19:30:00', 2),
       (34, 6, '2022-12-16 19:30:00', 3),
       (35, 6, '2022-12-16 18:30:00', 4),
       (36, 6, '2022-12-16 21:30:00', 1),
       (37, 6, '2022-12-16 22:30:00', 2),
       (38, 6, '2022-12-16 22:30:00', 3),
       (39, 6, '2022-12-16 21:30:00', 4),
       (40, 7, '2022-08-23 18:00:00', 5),
       (41, 7, '2022-08-24 18:00:00', 4),
       (42, 7, '2022-08-25 18:00:00', 7),
       (43, 8, '2022-07-13 17:30:00', 7),
       (44, 8, '2022-07-14 18:00:00', 5),
       (45, 8, '2022-07-15 19:00:00', 5),
       (46, 9, '2022-08-01 10:00:00', 4),
       (47, 9, '2022-08-01 13:00:00', 4),
       (48, 9, '2022-08-01 17:00:00', 4),
       (49, 9, '2022-08-01 20:00:00', 4),
       (50, 9, '2022-08-02 13:00:00', 2),
       (51, 9, '2022-08-01 16:00:00', 2),
       (52, 9, '2022-08-01 21:30:00', 2),
       (53, 9, '2022-08-02 14:30:00', 3),
       (54, 9, '2022-08-02 18:30:00', 3),
       (55, 10, '2022-07-06 18:30:00', 3),
       (56, 10, '2022-07-07 19:30:00', 2),
       (57, 10, '2022-07-07 20:30:00', 4);


INSERT INTO SECTOR_PRICE_EVENT_SHOWING (EVENT_SHOWING_ID, SEATING_PLAN_ID, SEATING_PLAN_SECTOR, PRICE)
VALUES (1, 1, 1, 25.80),
       (1, 1, 2, 15.50),
       (1, 1, 3, 15.50),
       (1, 1, 4, 10.00),
       (2, 1, 1, 16.20),
       (2, 1, 2, 16.20),
       (2, 1, 3, 16.20),
       (2, 1, 4, 10.00),
       (3, 1, 1, 14.50),
       (3, 1, 2, 14.50),
       (3, 1, 3, 14.50),
       (3, 1, 4, 5.00),
       (4, 1, 1, 18.00),
       (4, 1, 2, 10.50),
       (4, 1, 3, 10.50),
       (4, 1, 4, 2.30),
       (5, 1, 1, 9.50),
       (5, 1, 2, 9.50),
       (5, 1, 3, 9.50),
       (5, 1, 4, 0.00),
       (6, 1, 1, 10.00),
       (6, 1, 2, 10.00),
       (6, 1, 3, 14.00),
       (6, 1, 4, 6.00),
       (7, 1, 1, 10.00),
       (7, 1, 2, 10.00),
       (7, 1, 3, 14.00),
       (7, 1, 4, 6.00),
       (8, 1, 1, 10.00),
       (8, 1, 2, 10.00),
       (8, 1, 3, 14.00),
       (8, 1, 4, 6.00),
       (9, 7, 1, 40.00),
       (9, 7, 2, 30.00),
       (9, 7, 3, 20.00),
       (9, 7, 4, 10.00),
       (10, 5, 1, 35.00),
       (10, 5, 2, 19.99),
       (11, 11, 1, 30.00),
       (11, 11, 2, 20.00),
       (11, 11, 3, 10.00),
       (11, 11, 4, 5.00),
       (12, 1, 1, 8.60),
       (12, 1, 2, 8.60),
       (12, 1, 3, 8.60),
       (12, 1, 4, 10.20),
       (16, 1, 1, 8.60),
       (16, 1, 2, 8.60),
       (16, 1, 3, 8.60),
       (16, 1, 4, 10.20),
       (20, 1, 1, 8.60),
       (20, 1, 2, 8.60),
       (20, 1, 3, 8.60),
       (20, 1, 4, 10.20),
       (24, 1, 1, 8.60),
       (24, 1, 2, 8.60),
       (24, 1, 3, 8.60),
       (24, 1, 4, 10.20),
       (28, 1, 1, 8.60),
       (28, 1, 2, 8.60),
       (28, 1, 3, 8.60),
       (28, 1, 4, 10.20),
       (32, 1, 1, 8.60),
       (32, 1, 2, 8.60),
       (32, 1, 3, 8.60),
       (32, 1, 4, 10.20),
       (36, 1, 1, 8.60),
       (36, 1, 2, 8.60),
       (36, 1, 3, 8.60),
       (36, 1, 4, 10.20),
       (13, 2, 1, 14.60),
       (13, 2, 2, 14.60),
       (13, 2, 3, 14.60),
       (13, 2, 4, 16.60),
       (17, 2, 1, 14.60),
       (17, 2, 2, 14.60),
       (17, 2, 3, 14.60),
       (17, 2, 4, 16.60),
       (21, 2, 1, 14.60),
       (21, 2, 2, 14.60),
       (21, 2, 3, 14.60),
       (21, 2, 4, 16.60),
       (25, 2, 1, 14.60),
       (25, 2, 2, 14.60),
       (25, 2, 3, 14.60),
       (25, 2, 4, 16.60),
       (29, 2, 1, 14.60),
       (29, 2, 2, 14.60),
       (29, 2, 3, 14.60),
       (29, 2, 4, 16.60),
       (33, 2, 1, 14.60),
       (33, 2, 2, 14.60),
       (33, 2, 3, 14.60),
       (33, 2, 4, 16.60),
       (37, 2, 1, 14.60),
       (37, 2, 2, 14.60),
       (37, 2, 3, 14.60),
       (37, 2, 4, 16.60),
       (14, 3, 1, 9.60),
       (14, 3, 2, 9.60),
       (14, 3, 3, 9.60),
       (14, 3, 4, 11.30),
       (18, 3, 1, 9.60),
       (18, 3, 2, 9.60),
       (18, 3, 3, 9.60),
       (18, 3, 4, 11.30),
       (22, 3, 1, 9.60),
       (22, 3, 2, 9.60),
       (22, 3, 3, 9.60),
       (22, 3, 4, 11.30),
       (26, 3, 1, 9.60),
       (26, 3, 2, 9.60),
       (26, 3, 3, 9.60),
       (26, 3, 4, 11.30),
       (30, 3, 1, 9.60),
       (30, 3, 2, 9.60),
       (30, 3, 3, 9.60),
       (30, 3, 4, 11.30),
       (34, 3, 1, 9.60),
       (34, 3, 2, 9.60),
       (34, 3, 3, 9.60),
       (34, 3, 4, 11.30),
       (38, 3, 1, 9.60),
       (38, 3, 2, 9.60),
       (38, 3, 3, 9.60),
       (38, 3, 4, 11.30),
       (15, 4, 1, 6.30),
       (15, 4, 2, 6.30),
       (19, 4, 1, 6.30),
       (19, 4, 2, 6.30),
       (23, 4, 1, 6.30),
       (23, 4, 2, 6.30),
       (27, 4, 1, 6.30),
       (27, 4, 2, 6.30),
       (31, 4, 1, 6.30),
       (31, 4, 2, 6.30),
       (35, 4, 1, 6.30),
       (35, 4, 2, 6.30),
       (39, 4, 1, 6.30),
       (39, 4, 2, 6.30),
       (40, 5, 1, 40.00),
       (40, 5, 2, 30.00),
       (41, 4, 1, 35.00),
       (41, 4, 2, 25.00),
       (42, 7, 1, 20.00),
       (42, 7, 2, 30.00),
       (42, 7, 3, 25.00),
       (42, 7, 4, 15.00),
       (43, 7, 1, 20.00),
       (43, 7, 2, 40.00),
       (43, 7, 3, 30.00),
       (43, 7, 4, 20.00),
       (44, 5, 1, 35.00),
       (44, 5, 2, 20.00),
       (45, 5, 1, 30.00),
       (45, 5, 2, 20.00),
       (46, 4, 1, 11.40),
       (46, 4, 2, 13.20),
       (47, 4, 1, 11.40),
       (47, 4, 2, 13.20),
       (48, 4, 1, 11.40),
       (48, 4, 2, 13.20),
       (49, 4, 1, 11.40),
       (49, 4, 2, 13.20),
       (50, 2, 1, 5.00),
       (50, 2, 2, 9.99),
       (50, 2, 3, 11.00),
       (50, 2, 4, 11.00),
       (51, 2, 1, 5.00),
       (51, 2, 2, 9.60),
       (51, 2, 3, 11.00),
       (51, 2, 4, 13.00),
       (52, 2, 1, 5.00),
       (52, 2, 2, 10.00),
       (52, 2, 3, 12.00),
       (52, 2, 4, 14.00),
       (53, 3, 1, 8.00),
       (53, 3, 2, 9.00),
       (53, 3, 3, 10.00),
       (53, 3, 4, 12.00),
       (54, 3, 1, 8.00),
       (54, 3, 2, 9.00),
       (54, 3, 3, 10.00),
       (54, 3, 4, 12.00),
       (55, 3, 1, 8.60),
       (55, 3, 2, 9.00),
       (55, 3, 3, 10.00),
       (55, 3, 4, 12.30),
       (56, 2, 1, 9.20),
       (56, 2, 2, 12.30),
       (56, 2, 3, 14.00),
       (56, 2, 4, 15.00),
       (57, 4, 1, 11.50),
       (57, 4, 2, 13.20);

INSERT INTO ARTIST (ARTIST_NAME, FIRST_NAME, LAST_NAME)
VALUES ('Green Day', '', ''),
       ('Weezer', '', ''),
       ('Fall Out Boy', '', ''),
       ('', 'Tarek', 'Atoui'),
       ('', 'Jad', 'Atoui'),
       ('', 'Paul', 'Ebhart'),
       ('', 'Benedikt', 'Steiner'),
       ('', 'Lisa', 'Pac'),
       ('', 'Josh', 'Dun'),
       ('', 'Tyler', 'Joseph'),
       ('Twenty One Pilots', '', ''),
       ('', 'Ina', 'Regen'),
       ('Bilderbuch', '', ''),
       ('', 'Piotr', 'Beczala'),
       ('', 'Clemens', 'Unterreiner'),
       ('', 'Benedikt', 'Cumberbatch'),
       ('', 'Elizabeth', 'Olsen'),
       ('', 'Xochitl', 'Gomez'),
       ('', 'Johnny', 'Depp'),
       ('', 'Leonardo', 'DiCaprio'),
       ('', 'Brad', 'Pitt'),
       ('Lady Gaga', '', ''),
       ('', 'Sylvester', 'Stallone'),
       ('', 'Arnold', 'Schwarzenegger'),
       ('', 'Liam', 'Neeson'),
       ('', 'Chris', 'Hamsworth'),
       ('', 'Zac', 'Efron'),
       ('', 'Dwayne', 'Johnson'),
       ('', 'Channing', 'Tatum'),
       ('', 'Nicolas', 'Cage'),
       ('', 'Tom', 'Cruise'),
       ('', 'Jennifer', 'Lawrence'),
       ('', 'George', 'Clooney'),
       ('', 'Will', 'Smith'),
       ('', 'Colin', 'Farrell'),
       ('', 'Romy', 'Schneider'),
       ('', 'Emma', 'Stone'),
       ('', 'Ryan', 'Gosling'),
       ('', 'Denzel', 'Washington'),
       ('', 'Pierce', 'Brosnan'),
       ('', 'Christoph', 'Waltz'),
       ('', 'Elton', 'John'),
       ('', 'Ed', 'Sheran'),
       ('Zendaya', '', ''),
       ('', 'Hugh', 'Jackman'),
       ('Queen', '', ''),
       ('AC/DC', '', ''),
       ('Rammstein', '', ''),
       ('Backstreet Boys', '', ''),
       ('Maneskin', '', ''),
       ('One Direction', '', ''),
       ('Linkin Park', '', ''),
       ('Red Hot Chilli Peppers', '', ''),
       ('Eminem', '', ''),
       ('', 'Pierce', 'Brosnan'),
       ('', 'Amanda', 'Seyfried'),
       ('', 'Meryl', 'Streep'),
       ('', 'Zoey', 'Saldana');

INSERT INTO ARTIST_PERFORMANCE (ARTIST_ID, EVENT_ID)
VALUES (1, 1),
       (2, 1),
       (3, 1),
       (4, 2),
       (5, 2),
       (6, 2),
       (7, 2),
       (8, 3),
       (8, 7),
       (9, 5),
       (10, 5),
       (11, 5),
       (12, 3),
       (12, 7),
       (13, 3),
       (14, 4),
       (15, 4),
       (16, 4),
       (27, 9),
       (37, 10),
       (38, 10),
       (44, 9),
       (45, 9),
       (55, 8),
       (56, 8),
       (57, 8),
       (58, 6);


INSERT
INTO APPLICATION_USER (ID, EMAIL, PASSWORD, TYPE, MEMBER_SINCE, FAILED_AUTHENTICATION_ATTEMPTS, IS_BLOCKED)
VALUES (1, 'superadmin@gmail.com', '$2a$10$MEqWzACbedAea.oXs9Zt2uYhG.L0Adxswvpn6CzOL48Npre32bmiO',
        'ROLE_SUPER_ADMINISTRATOR', '2022-05-01 00:00:01', 0, false),
       (2, 'admin@gmail.com', '$2a$10$MEqWzACbedAea.oXs9Zt2uYhG.L0Adxswvpn6CzOL48Npre32bmiO', 'ROLE_ADMINISTRATOR',
        '2022-05-01 00:00:01', 0, false),
       (3, 'user1@gmail.com', '$2a$10$MEqWzACbedAea.oXs9Zt2uYhG.L0Adxswvpn6CzOL48Npre32bmiO', 'ROLE_USER',
        '2022-05-01 00:00:01', 0, false),
       (4, 'maria@gmail.com', '$2a$10$MEqWzACbedAea.oXs9Zt2uYhG.L0Adxswvpn6CzOL48Npre32bmiO', 'ROLE_USER',
        '2022-05-01 00:00:01', 0, false),
       (5, 'gerhard@gmail.com', '$2a$10$MEqWzACbedAea.oXs9Zt2uYhG.L0Adxswvpn6CzOL48Npre32bmiO', 'ROLE_USER',
        '2022-05-01 00:00:01', 0, false),
       (6, 'sabine@gmail.com', '$2a$10$MEqWzACbedAea.oXs9Zt2uYhG.L0Adxswvpn6CzOL48Npre32bmiO', 'ROLE_USER',
        '2022-05-01 00:00:01', 0, false),
       (7, 'lucas@gmail.com', '$2a$10$MEqWzACbedAea.oXs9Zt2uYhG.L0Adxswvpn6CzOL48Npre32bmiO', 'ROLE_USER',
        '2022-05-01 00:00:01', 0, false),
       (8, 'sebastian@gmail.com', '$2a$10$MEqWzACbedAea.oXs9Zt2uYhG.L0Adxswvpn6CzOL48Npre32bmiO', 'ROLE_USER',
        '2022-05-01 00:00:01', 0, false),
       (9, 'hanna@gmail.com', '$2a$10$MEqWzACbedAea.oXs9Zt2uYhG.L0Adxswvpn6CzOL48Npre32bmiO', 'ROLE_USER',
        '2022-05-01 00:00:01', 0, false),
       (10, 'karl@gmail.com', '$2a$10$MEqWzACbedAea.oXs9Zt2uYhG.L0Adxswvpn6CzOL48Npre32bmiO', 'ROLE_USER',
        '2022-05-01 00:00:01', 0, false),
       (11, 'florian@gmail.com', '$2a$10$MEqWzACbedAea.oXs9Zt2uYhG.L0Adxswvpn6CzOL48Npre32bmiO', 'ROLE_USER',
        '2022-05-01 00:00:01', 0, false),
       (12, 'simon@gmail.com', '$2a$10$MEqWzACbedAea.oXs9Zt2uYhG.L0Adxswvpn6CzOL48Npre32bmiO', 'ROLE_USER',
        '2022-05-01 00:00:01', 0, false),
       (13, 'alex@gmail.com', '$2a$10$MEqWzACbedAea.oXs9Zt2uYhG.L0Adxswvpn6CzOL48Npre32bmiO', 'ROLE_USER',
        '2022-05-01 00:00:01', 0, false),
       (14, 'reinhard@gmail.com', '$2a$10$MEqWzACbedAea.oXs9Zt2uYhG.L0Adxswvpn6CzOL48Npre32bmiO', 'ROLE_USER',
        '2022-05-01 00:00:01', 0, false),
       (15, 'tobias@gmail.com', '$2a$10$MEqWzACbedAea.oXs9Zt2uYhG.L0Adxswvpn6CzOL48Npre32bmiO', 'ROLE_USER',
        '2022-05-01 00:00:01', 0, false),
       (16, 'brenntbart@gmail.com', '$2a$10$MEqWzACbedAea.oXs9Zt2uYhG.L0Adxswvpn6CzOL48Npre32bmiO', 'ROLE_USER',
        '2022-05-01 00:00:01', 0, false),
       (17, 'sebastion.xxx@gmail.com', '$2a$10$MEqWzACbedAea.oXs9Zt2uYhG.L0Adxswvpn6CzOL48Npre32bmiO', 'ROLE_USER',
        '2022-05-01 00:00:01', 0, false),
       (18, 'gabriel.xxx@gmail.com', '$2a$10$MEqWzACbedAea.oXs9Zt2uYhG.L0Adxswvpn6CzOL48Npre32bmiO', 'ROLE_USER',
        '2022-05-01 00:00:01', 0, false),
       (19, 'tobias.xxx@gmail.com', '$2a$10$MEqWzACbedAea.oXs9Zt2uYhG.L0Adxswvpn6CzOL48Npre32bmiO', 'ROLE_USER',
        '2022-05-01 00:00:01', 0, false),
       (20, 'xxx.xxx@gmail.com', '$2a$10$MEqWzACbedAea.oXs9Zt2uYhG.L0Adxswvpn6CzOL48Npre32bmiO', 'ROLE_USER',
        '2022-05-01 00:00:01', 0, false),
       (21, 'patrick.xxx@gmail.com', '$2a$10$MEqWzACbedAea.oXs9Zt2uYhG.L0Adxswvpn6CzOL48Npre32bmiO', 'ROLE_USER',
        '2022-05-01 00:00:01', 0, false),
       (22, 'lorenz.xxx@gmail.com', '$2a$10$MEqWzACbedAea.oXs9Zt2uYhG.L0Adxswvpn6CzOL48Npre32bmiO', 'ROLE_USER',
        '2022-05-01 00:00:01', 0, false),
       (23, 'bibi.bloxberg@gmail.com', '$2a$10$MEqWzACbedAea.oXs9Zt2uYhG.L0Adxswvpn6CzOL48Npre32bmiO', 'ROLE_USER',
        '2022-05-01 00:00:01', 0, false),
       (24, 'miram.wollensky@gmail.com', '$2a$10$MEqWzACbedAea.oXs9Zt2uYhG.L0Adxswvpn6CzOL48Npre32bmiO', 'ROLE_USER',
        '2022-05-01 00:00:01', 0, false),
       (25, 'benjamin.xxx@gmail.com', '$2a$10$MEqWzACbedAea.oXs9Zt2uYhG.L0Adxswvpn6CzOL48Npre32bmiO', 'ROLE_USER',
        '2022-05-01 00:00:01', 0, false),
       (26, 'nicolas.xxx.1998@gmail.com', '$2a$10$MEqWzACbedAea.oXs9Zt2uYhG.L0Adxswvpn6CzOL48Npre32bmiO', 'ROLE_USER',
        '2022-05-01 00:00:01', 0, false);

INSERT INTO APPLICATION_USER (ID, EMAIL, PASSWORD, TYPE, MEMBER_SINCE, FAILED_AUTHENTICATION_ATTEMPTS, IS_BLOCKED,
                              CARD_CVV, CARD_NUMBER, CARD_OWNER, CARD_EXPIRATION_DATE)
VALUES (99, 'hallo@gmail.com', '$2a$10$MEqWzACbedAea.oXs9Zt2uYhG.L0Adxswvpn6CzOL48Npre32bmiO', 'ROLE_ADMINISTRATOR',
        '2022-05-01 00:00:01', 0, false, 'SsOFgdMO6gj87kxhGt4yRQ==', 'Lqh2iV37EhiANvm31CjiuVWe2XaTZ4Rv',
        'Brennbart Peter', '05/23'),
       (100, 'org@gmail.com', '$2a$10$MEqWzACbedAea.oXs9Zt2uYhG.L0Adxswvpn6CzOL48Npre32bmiO', 'ROLE_USER',
        '2022-05-01 00:00:01', 0, false, 'SsOFgdMO6gj87kxhGt4yRQ==', 'Lqh2iV37EhiANvm31CjiuVWe2XaTZ4Rv',
        'Orgi Hami', '05/23');

insert into booking (id, booked_at, booked_by, event_showing_id, is_cancelled, cost, secret)
values (1, '2022-06-28 21:10:54.539432', 3, 10, FALSE, 280.00, '03a24ce4-82d3-4909-bc58-c17cbceed6f4'),
       (2, '2022-06-28 21:11:29.891677', 3, 12, FALSE, 34.40, '2db4cc73-e04b-4a2f-88f4-e775bd23bf21'),
       (3, '2022-06-28 21:11:57.631493', 3, 7, FALSE, 18.00, '4438b3ab-ed40-49be-84a1-010114b06a48'),
       (4, '2022-06-28 21:12:25.617133', 3, 4, FALSE, 66.20, 'ec43b6e4-53e8-4ccd-8f45-e91919a3b0c1'),
       (5, '2022-06-28 21:13:10.510628', 16, 12, FALSE, 17.20, '179cbed7-5f56-46c8-92f3-4f82533c4dfb'),
       (6, '2022-06-28 21:13:28.836245', 16, 1, FALSE, 103.20, '2f8fa148-0c2c-430a-94f4-6d1da60d8068'),
       (7, '2022-06-28 21:13:53.626129', 16, 11, FALSE, 80.00, 'bc073979-d035-47c1-b8f2-bafe87241c77'),
       (8, '2022-06-28 21:14:33.206369', 13, 10, FALSE, 140.00, 'f084d4b4-c484-4b43-86ae-d2e08813b6db'),
       (9, '2022-06-28 21:14:55.07704', 13, 13, FALSE, 116.80, 'bf6a1c3b-0b0a-4fdd-8209-7188446525b0'),
       (10, '2022-06-28 21:15:09.723387', 13, 2, FALSE, 30.00, 'b984f66a-5ce5-4bdb-9a53-02e696f0c3be'),
       (11, '2022-06-28 21:15:27.743082', 13, 8, FALSE, 40.00, 'b4d9e91a-7c16-4a49-ab72-30e67a470e88'),
       (12, '2022-06-28 21:16:09.000899', 15, 10, FALSE, 70.00, 'fbd1fb5b-b7f9-445c-8907-fb9b799713f2'),
       (13, '2022-06-28 21:16:26.043176', 15, 15, FALSE, 25.20, '8484dbed-27e3-4664-be53-500ee7dbb60b'),
       (14, '2022-06-28 21:19:03.585182', 11, 18, FALSE, 76.80, '0a1636ac-4a93-4eed-a215-1899234d3c96'),
       (15, '2022-06-30 15:02:24.362897', 26, 57, FALSE, 46.00, 'fb68d77b-e33d-4c46-b435-6c210b2cc94a'),
       (16, '2022-06-30 15:03:20.816446', 26, 50, TRUE, 44.00, 'baa9378c-dfb2-4a7a-8ddf-f518a7af5bad'),
       (17, '2022-06-30 15:05:27.168601', 99, 43, FALSE, 240.00, '57f49efa-4f1a-4d02-9007-35ee4f859d08'),
       (18, '2022-06-30 15:05:47.710721', 99, 41, FALSE, 210.00, '912b58eb-39bd-4751-b686-014aa2d12584'),
       (19, '2022-06-30 15:06:24.118001', 99, 5, FALSE, 28.50, 'fbd8bafd-b121-4b1f-bfd2-a5c3bc4a522e'),
       (20, '2022-06-30 15:06:46.111716', 99, 11, FALSE, 20.00, 'cff3684f-2d37-4e9d-bac2-479c544fc7b2'),
       (21, '2022-06-30 15:07:00.937752', 99, 5, FALSE, 19.00, '5926ed12-ed25-4a57-ba21-5189ec3c7b9b'),
       (22, '2022-06-30 15:07:20.368497', 99, 7, FALSE, 20.00, '135c4130-ea5c-42e6-b7d9-44168c8213ce'),
       (23, '2022-06-30 15:07:41.639705', 99, 7, FALSE, 18.00, 'c82dee5d-d5bb-4a8a-93dd-732ad8c1218d'),
       (24, '2022-06-30 15:08:40.888938', 17, 6, FALSE, 30.00, '7ed22c25-1182-4d2e-a214-5c96745c2b7e'),
       (25, '2022-06-30 15:08:55.723884', 17, 7, FALSE, 20.00, '92d6370c-43f9-4bbe-a796-e0048eca9c4c'),
       (26, '2022-06-30 15:09:26.179504', 17, 51, FALSE, 192.00, '36378815-7c8c-42b9-94f5-4169d3fd5acc');

insert into booking_non_seat(booking_id, seating_plan_id, seating_plan_sector, amount)
values (3, 1, 4, 3),
       (4, 1, 4, 4),
       (10, 1, 4, 3),
       (23, 1, 4, 3);

insert into booking_seat(booking_id, seating_plan_id, seating_plan_sector, seating_plan_row, seating_plan_seat)
values (1, 5, 1, 1, 6),
       (1, 5, 1, 1, 7),
       (1, 5, 1, 1, 8),
       (1, 5, 1, 1, 9),
       (1, 5, 1, 2, 6),
       (1, 5, 1, 2, 7),
       (1, 5, 1, 2, 8),
       (1, 5, 1, 2, 9),
       (2, 1, 1, 2, 3),
       (2, 1, 1, 2, 5),
       (2, 1, 1, 3, 3),
       (2, 1, 1, 3, 5),
       (4, 1, 2, 1, 1),
       (4, 1, 2, 1, 3),
       (4, 1, 1, 3, 1),
       (4, 1, 1, 3, 3),
       (5, 1, 2, 2, 1),
       (5, 1, 2, 2, 3),
       (6, 1, 1, 2, 1),
       (6, 1, 1, 2, 3),
       (6, 1, 1, 3, 1),
       (6, 1, 1, 3, 3),
       (7, 11, 2, 1, 4),
       (7, 11, 2, 1, 5),
       (7, 11, 2, 2, 4),
       (7, 11, 2, 2, 5),
       (8, 5, 1, 4, 6),
       (8, 5, 1, 4, 7),
       (8, 5, 1, 4, 8),
       (8, 5, 1, 4, 9),
       (9, 2, 3, 1, 4),
       (9, 2, 3, 1, 5),
       (9, 2, 3, 1, 8),
       (9, 2, 3, 1, 9),
       (9, 2, 3, 2, 4),
       (9, 2, 3, 2, 5),
       (9, 2, 3, 2, 8),
       (9, 2, 3, 2, 9),
       (11, 1, 2, 1, 3),
       (11, 1, 2, 1, 5),
       (11, 1, 1, 2, 3),
       (11, 1, 1, 2, 5),
       (12, 5, 1, 6, 7),
       (12, 5, 1, 6, 8),
       (13, 4, 1, 3, 7),
       (13, 4, 1, 3, 8),
       (13, 4, 1, 4, 7),
       (13, 4, 1, 4, 8),
       (14, 3, 2, 1, 4),
       (14, 3, 2, 1, 5),
       (14, 3, 2, 1, 7),
       (14, 3, 2, 1, 8),
       (14, 3, 2, 2, 4),
       (14, 3, 2, 2, 5),
       (14, 3, 2, 2, 7),
       (14, 3, 2, 2, 8),
       (15, 4, 1, 3, 6),
       (15, 4, 1, 3, 7),
       (15, 4, 1, 3, 8),
       (15, 4, 1, 3, 9),
       (16, 2, 3, 2, 4),
       (16, 2, 3, 2, 5),
       (16, 2, 3, 2, 8),
       (16, 2, 3, 2, 9),
       (17, 7, 2, 2, 5),
       (17, 7, 2, 2, 8),
       (17, 7, 2, 2, 9),
       (17, 7, 2, 4, 5),
       (17, 7, 2, 4, 8),
       (17, 7, 2, 4, 9),
       (18, 4, 1, 4, 5),
       (18, 4, 1, 4, 6),
       (18, 4, 1, 4, 7),
       (18, 4, 1, 4, 8),
       (18, 4, 1, 4, 9),
       (18, 4, 1, 4, 10),
       (19, 1, 2, 1, 1),
       (19, 1, 2, 1, 3),
       (19, 1, 2, 1, 5),
       (20, 11, 3, 1, 7),
       (20, 11, 3, 1, 8),
       (21, 1, 2, 3, 3),
       (21, 1, 2, 3, 5),
       (22, 1, 2, 1, 1),
       (22, 1, 2, 1, 3),
       (24, 1, 1, 1, 1),
       (24, 1, 1, 1, 3),
       (24, 1, 1, 1, 5),
       (25, 1, 2, 3, 3),
       (25, 1, 2, 3, 5),
       (26, 2, 2, 4, 1),
       (26, 2, 2, 4, 2),
       (26, 2, 2, 4, 3),
       (26, 2, 2, 4, 4),
       (26, 2, 2, 4, 5),
       (26, 2, 2, 4, 8),
       (26, 2, 2, 4, 9),
       (26, 2, 2, 4, 10),
       (26, 2, 2, 4, 11),
       (26, 2, 2, 4, 12),
       (26, 2, 2, 5, 1),
       (26, 2, 2, 5, 2),
       (26, 2, 2, 5, 3),
       (26, 2, 2, 5, 4),
       (26, 2, 2, 5, 5),
       (26, 2, 2, 5, 8),
       (26, 2, 2, 5, 9),
       (26, 2, 2, 5, 10),
       (26, 2, 2, 5, 11),
       (26, 2, 2, 5, 12);

insert into invoice (invoice_number, booking_id, invoice_type, purchased_at)
values (1, 1, 'purchase', '2022-06-28 21:10:54.571319'),
       (2, 2, 'purchase', '2022-06-28 21:11:29.896469'),
       (3, 3, 'purchase', '2022-06-28 21:11:57.639473'),
       (4, 6, 'purchase', '2022-06-28 21:13:28.838246'),
       (5, 7, 'purchase', '2022-06-28 21:13:53.627129'),
       (6, 9, 'purchase', '2022-06-28 21:14:55.080004'),
       (7, 11, 'purchase', '2022-06-28 21:15:27.745075'),
       (8, 13, 'purchase', '2022-06-28 21:16:26.045144'),
       (9, 14, 'purchase', '2022-06-28 21:19:03.588173'),
       (10, 15, 'purchase', '2022-06-30 15:02:24.39182'),
       (11, 16, 'purchase', '2022-06-30 15:03:20.818412'),
       (12, 16, 'cancellation', '2022-06-30 15:03:20.816446'),
       (13, 17, 'purchase', '2022-06-30 15:05:27.170621'),
       (14, 18, 'purchase', '2022-06-30 15:05:47.715708'),
       (15, 19, 'purchase', '2022-06-30 15:06:24.119967'),
       (16, 20, 'purchase', '2022-06-30 15:06:46.112744'),
       (17, 21, 'purchase', '2022-06-30 15:07:00.939746'),
       (18, 22, 'purchase', '2022-06-30 15:07:20.370491'),
       (19, 23, 'purchase', '2022-06-30 15:07:41.646687'),
       (20, 24, 'purchase', '2022-06-30 15:08:40.889935'),
       (21, 25, 'purchase', '2022-06-30 15:08:55.725854'),
       (22, 26, 'purchase', '2022-06-30 15:09:26.182496');

insert into news_entry(id, title, contents, summary, published_on, published_by, image_ref, event_id)
values (1, 'Twenty One Pilotes Tour',
        'Twenty One Pilots is back in Vienna for their Tour 2022 from 26-28.07.2022. Get ready for a magical, energetic, emotional, and life-changing concert! There will be specials during their performances as always! The prices start at 5€, which is not much to be hearing their new album ICY! So do not wait too long before the tickets are gone!',
        'Twenty One Pilots is back in Vienna soon! Grab your tickets now, before they are gone!',
        '2022-05-26 14:00:58.539635', 2, 'Twenty_One_Pilots_2022.jpg', 5),
       (2, 'Avatar 2 coming',
        'Avatar 2 has already been postponed several times, but now the date is finally fixed! The first show will take place on the 14th of December in the cinemas! Get your tickets now to be one of the first ones to see second part of this movie legend!',
        'Avatar 2 is coming into the cinemas soon! Get your tickets now!',
        '2022-06-28 22:05:21.074692', 2, 'Avatar_2.jpg', 6),
       (3, 'Doctor Strange is in the cinemas now',
        'Dr. Stephen Strange faces the consequences of his actions after using a forbidden spell to open a portal to the multiverse. Accompanied by the America Chavez, he embarks on a journey through the dimensions. Get ready for this journey by purchasing your tickets now!',
        'Doctor Strange is now in the cinemas! Grab your tickets as fast as you can!',
        '2022-05-22 11:05:21.074692', 2, 'Dr_Strange_and_the_Multiverse_of_Madness.jpg', 4),
       (4, 'The Hella Mega Tour is here',
        'The Hella Mega Tour is an ongoing tour by American rock bands Green Day, Fall Out Boy, and Weezer announced on September 10, 2022, and originally spanned March through August 2022. Get your tickets to be a part of such an awesome event!',
        'The Hella Mega Tour is coming around again. Get your tickets now!',
        '2022-06-13 16:05:21.074692', 2, 'Hella_Mega_Tour.jpg', 1),
       (5, 'Come to the Film Festival',
        'With the summer holidays, the annual film festival starts again with concert recordings from opera to pop to jazz. However, the audiovisual pleasure of free admission remains one of the summer highlights. It takes place in August and has some free tickets and low-budged ones! Get them now!',
        'The annual film festival is here again! Everything from Pop to jazz!',
        '2022-06-12 13:12:21.074692', 2, 'Film_Festival_2022.jpg', 3),
       (6, 'Souffle Continu',
        'How is listening? For Tarek Atoui there are many ways to experience sound. Inspired by the rich collection of historical instruments in the Musikverein, the Lebanese sound artist for souffle continu (continuous breath) creates two new exhibits of his extraordinary musical instruments. These combine a special musicality with fascinating tactile and sculptural qualities. For the Wiener Festwochen, objects are created that use the air as a sound source. They invite you to play intuitively, so that the sound, completely raw, completely vibrating, can fall into your ears. The four-part program series kicks off in the Glass Hall of the Musikverein. Over the course of the festival, the project moves out of the inner-city area of ​​Vienna in order to open up new horizons, both spatially and musically. Souffle Continu is an invitation to embark on a musical journey with the deaf, amateurs and professionals of classical music, improvisation, hip-hop and techno.',
        'A sound journey with the deaf, amateurs, and professionals of classical music, improvisation, hip-hop, and techno.',
        '2022-06-04 12:34:21.074692', 2, 'Souffle_Continu.jpg', 2);